{
    "Object_Localization": {
        "accuracy": 0.38524590163934425,
        "latent_ratio": 1.0081967213114753,
        "total": 122
    },
    "Spatial_Relation": {
        "accuracy": 0.32867132867132864,
        "latent_ratio": 1.013986013986014,
        "total": 143
    }
}