{
    "direct_attributes": {
        "accuracy": 0.6521739130434783,
        "latent_ratio": 0.9739130434782609,
        "total": 115
    },
    "relative_position": {
        "accuracy": 0.5657894736842105,
        "latent_ratio": 1.0,
        "total": 76
    }
}