{
    "Object_Localization": {
        "accuracy": 0.5245901639344263,
        "latent_ratio": 1.0081967213114753,
        "total": 122
    },
    "Spatial_Relation": {
        "accuracy": 0.6853146853146853,
        "latent_ratio": 1.0,
        "total": 143
    }
}