{
    "direct_attributes": {
        "accuracy": 0.7391304347826086,
        "latent_ratio": 1.5130434782608695,
        "total": 115
    },
    "relative_position": {
        "accuracy": 0.5526315789473685,
        "latent_ratio": 1.9210526315789473,
        "total": 76
    }
}