{
    "direct_attributes": {
        "accuracy": 0.7217391304347827,
        "latent_ratio": 1.0260869565217392,
        "total": 115
    },
    "relative_position": {
        "accuracy": 0.5657894736842105,
        "latent_ratio": 1.1842105263157894,
        "total": 76
    }
}