{
    "direct_attributes": {
        "accuracy": 0.782608695652174,
        "latent_ratio": 1.0,
        "total": 115
    },
    "relative_position": {
        "accuracy": 0.618421052631579,
        "latent_ratio": 1.0,
        "total": 76
    }
}