{
    "Object_Localization": {
        "accuracy": 0.45901639344262296,
        "latent_ratio": 1.0,
        "total": 122
    },
    "Spatial_Relation": {
        "accuracy": 0.7622377622377622,
        "latent_ratio": 1.0,
        "total": 143
    }
}