{
    "Object_Localization": {
        "accuracy": 0.47540983606557374,
        "latent_ratio": 1.0,
        "total": 122
    },
    "Spatial_Relation": {
        "accuracy": 0.7762237762237763,
        "latent_ratio": 1.0,
        "total": 143
    }
}