{
    "Object_Localization": {
        "accuracy": 0.5491803278688525,
        "latent_ratio": 1.0,
        "total": 122
    },
    "Spatial_Relation": {
        "accuracy": 0.8181818181818182,
        "latent_ratio": 1.0,
        "total": 143
    }
}