{
    "Object_Localization": {
        "accuracy": 0.5245901639344263,
        "latent_ratio": 1.0,
        "total": 122
    },
    "Spatial_Relation": {
        "accuracy": 0.8041958041958042,
        "latent_ratio": 1.0,
        "total": 143
    }
}