{
    "Object_Localization": {
        "accuracy": 0.4426229508196721,
        "latent_ratio": 1.0,
        "total": 122
    },
    "Spatial_Relation": {
        "accuracy": 0.5314685314685315,
        "latent_ratio": 1.0,
        "total": 143
    }
}