{
    "Object_Localization": {
        "accuracy": 0.5163934426229508,
        "latent_ratio": 1.0,
        "total": 122
    },
    "Spatial_Relation": {
        "accuracy": 0.7482517482517482,
        "latent_ratio": 1.0,
        "total": 143
    }
}