{
    "Object_Localization": {
        "accuracy": 0.4918032786885246,
        "latent_ratio": 1.0,
        "total": 122
    },
    "Spatial_Relation": {
        "accuracy": 0.6433566433566433,
        "latent_ratio": 0.993006993006993,
        "total": 143
    }
}