{
    "Object_Localization": {
        "accuracy": 0.45081967213114754,
        "latent_ratio": 1.0,
        "total": 122
    },
    "Spatial_Relation": {
        "accuracy": 0.5314685314685315,
        "latent_ratio": 0.986013986013986,
        "total": 143
    }
}