{
    "Object_Localization": {
        "accuracy": 0.5163934426229508,
        "latent_ratio": 1.0,
        "total": 122
    },
    "Spatial_Relation": {
        "accuracy": 0.6363636363636364,
        "latent_ratio": 0.986013986013986,
        "total": 143
    }
}