{
    "Object_Localization": {
        "accuracy": 0.5081967213114754,
        "latent_ratio": 1.0,
        "total": 122
    },
    "Spatial_Relation": {
        "accuracy": 0.6993006993006993,
        "latent_ratio": 0.993006993006993,
        "total": 143
    }
}