{
    "Object_Localization": {
        "accuracy": 0.4918032786885246,
        "latent_ratio": 1.0,
        "total": 122
    },
    "Spatial_Relation": {
        "accuracy": 0.6503496503496503,
        "latent_ratio": 0.986013986013986,
        "total": 143
    }
}