{
    "Object_Localization": {
        "accuracy": 0.5,
        "latent_ratio": 1.0,
        "total": 122
    },
    "Spatial_Relation": {
        "accuracy": 0.6923076923076923,
        "latent_ratio": 1.0769230769230769,
        "total": 143
    }
}