{
    "direct_attributes": {
        "accuracy": 0.7391304347826086,
        "latent_ratio": 1.0,
        "total": 115
    },
    "relative_position": {
        "accuracy": 0.5657894736842105,
        "latent_ratio": 1.0,
        "total": 76
    }
}