{
    "direct_attributes": {
        "accuracy": 0.7565217391304347,
        "latent_ratio": 0.9826086956521739,
        "total": 115
    },
    "relative_position": {
        "accuracy": 0.5789473684210527,
        "latent_ratio": 1.0,
        "total": 76
    }
}