{
    "direct_attributes": {
        "accuracy": 0.7217391304347827,
        "latent_ratio": 1.0,
        "total": 115
    },
    "relative_position": {
        "accuracy": 0.5131578947368421,
        "latent_ratio": 1.0,
        "total": 76
    }
}