{
    "direct_attributes": {
        "accuracy": 0.7565217391304347,
        "latent_ratio": 1.0,
        "total": 115
    },
    "relative_position": {
        "accuracy": 0.6710526315789473,
        "latent_ratio": 1.0,
        "total": 76
    }
}