{
    "direct_attributes": {
        "accuracy": 0.7043478260869566,
        "latent_ratio": 0.9391304347826087,
        "total": 115
    },
    "relative_position": {
        "accuracy": 0.5131578947368421,
        "latent_ratio": 0.881578947368421,
        "total": 76
    }
}